{"bigwin":{"data":[["Big Win","50"],["Herro Win","100"],["Supper Win","300"],["Mega Win","500"]]},"betsize":{"data":["0.01","0.05","0.25"]},"betlevel":{"data":["1","2","3","4","5","6","7","8","9","10"]},"linedata":{"data":["6|7|8|9|10","1|2|3|4|5","11|12|13|14|15","1|7|13|9|5","11|7|3|9|15","6|2|8|4|10","6|12|8|14|10","1|2|8|14|15","11|12|8|4|5","6|12|8|4|10","6|2|8|14|10","1|7|8|9|5","11|7|8|9|15","1|7|3|9|5","11|7|13|9|15","6|7|3|9|10","6|7|13|9|10","1|2|13|4|5","11|12|3|14|15","1|12|13|14|5"]}}