{"uuid":"f5c12c92-00c2-4209-bce3-aa200f078c17","title":"Chirstmas Slot","image_name":"christmas _qIVWYP.png","short_desc":"Time to spin for hours and enjoy all-new exciting features of the Chirstmas Slot - Lucky Pyramids in Egypt. It's party time in Egypt with billionaire casino players.","description":"<p>Time to put the money on the table and spin. the Chirstmas slot is a 5-reel, 3-row video slot featuring Free Spins Feature with increasing multipliers up to x150. Trigger the Free Spins Feature When 5, 6, or 7 Free Spins symbols appear anywhere on the reels and win 12 free spins. Stand a chance to increase the multiplier up to x150 during the Free Spins Feature as well!<br><\/p>","jackpot_sum":null,"jackpot_ratio":null,"scatter_1":null,"scatter_2":null,"scatter_3":null,"scatter_4":null,"scatter_5":null,"credit_line":"0.01","icons":[{"name":"icon1","win_1":null,"win_2":null,"win_3":"5.00","win_4":"10.00","win_5":"40.00","reel_1":2,"reel_2":3,"reel_3":2,"reel_4":4,"reel_5":3,"freespin_require":null,"scatter_require":null,"jackpot_require":null,"free_num":null,"multipy_win":0,"multipy_1":0,"multipy_2":0,"multipy_3":0,"multipy_4":0,"multipy_5":0,"wildcard_column":0,"spin_icon":0,"multipy_mode":0,"multipy_max":0,"type":1},{"name":"icon10","win_1":"0.00","win_2":"0.00","win_3":"5.00","win_4":"20.00","win_5":"100.00","reel_1":6,"reel_2":2,"reel_3":1,"reel_4":1,"reel_5":4,"freespin_require":null,"scatter_require":null,"jackpot_require":null,"free_num":null,"multipy_win":0,"multipy_1":0,"multipy_2":0,"multipy_3":0,"multipy_4":0,"multipy_5":0,"wildcard_column":0,"spin_icon":0,"multipy_mode":0,"multipy_max":0,"type":1},{"name":"icon2","win_1":null,"win_2":null,"win_3":"5.00","win_4":"10.00","win_5":"40.00","reel_1":2,"reel_2":3,"reel_3":2,"reel_4":4,"reel_5":3,"freespin_require":null,"scatter_require":null,"jackpot_require":null,"free_num":null,"multipy_win":0,"multipy_1":0,"multipy_2":0,"multipy_3":0,"multipy_4":0,"multipy_5":0,"wildcard_column":0,"spin_icon":0,"multipy_mode":0,"multipy_max":0,"type":1},{"name":"icon3","win_1":null,"win_2":null,"win_3":"6.00","win_4":"15.00","win_5":"50.00","reel_1":2,"reel_2":3,"reel_3":2,"reel_4":4,"reel_5":3,"freespin_require":null,"scatter_require":null,"jackpot_require":null,"free_num":null,"multipy_win":0,"multipy_1":0,"multipy_2":0,"multipy_3":0,"multipy_4":0,"multipy_5":0,"wildcard_column":0,"spin_icon":0,"multipy_mode":0,"multipy_max":0,"type":1},{"name":"icon4","win_1":null,"win_2":null,"win_3":"6.00","win_4":"15.00","win_5":"50.00","reel_1":2,"reel_2":3,"reel_3":2,"reel_4":4,"reel_5":3,"freespin_require":null,"scatter_require":null,"jackpot_require":null,"free_num":null,"multipy_win":0,"multipy_1":0,"multipy_2":0,"multipy_3":0,"multipy_4":0,"multipy_5":0,"wildcard_column":0,"spin_icon":0,"multipy_mode":0,"multipy_max":0,"type":1},{"name":"icon5","win_1":null,"win_2":null,"win_3":"10.00","win_4":"45.00","win_5":"80.00","reel_1":2,"reel_2":3,"reel_3":2,"reel_4":4,"reel_5":3,"freespin_require":null,"scatter_require":null,"jackpot_require":null,"free_num":null,"multipy_win":0,"multipy_1":0,"multipy_2":0,"multipy_3":0,"multipy_4":0,"multipy_5":0,"wildcard_column":0,"spin_icon":0,"multipy_mode":0,"multipy_max":0,"type":1},{"name":"icon6","win_1":null,"win_2":null,"win_3":"15.00","win_4":"45.00","win_5":"100.00","reel_1":2,"reel_2":3,"reel_3":2,"reel_4":4,"reel_5":3,"freespin_require":null,"scatter_require":null,"jackpot_require":null,"free_num":null,"multipy_win":0,"multipy_1":0,"multipy_2":0,"multipy_3":0,"multipy_4":0,"multipy_5":0,"wildcard_column":0,"spin_icon":0,"multipy_mode":0,"multipy_max":0,"type":1},{"name":"icon7","win_1":null,"win_2":null,"win_3":"20.00","win_4":"50.00","win_5":"120.00","reel_1":2,"reel_2":3,"reel_3":2,"reel_4":4,"reel_5":3,"freespin_require":null,"scatter_require":null,"jackpot_require":null,"free_num":null,"multipy_win":0,"multipy_1":0,"multipy_2":0,"multipy_3":0,"multipy_4":0,"multipy_5":0,"wildcard_column":0,"spin_icon":0,"multipy_mode":0,"multipy_max":0,"type":1},{"name":"icon8","win_1":null,"win_2":null,"win_3":"30.00","win_4":"60.00","win_5":"150.00","reel_1":2,"reel_2":3,"reel_3":2,"reel_4":4,"reel_5":3,"freespin_require":null,"scatter_require":null,"jackpot_require":null,"free_num":null,"multipy_win":0,"multipy_1":0,"multipy_2":0,"multipy_3":0,"multipy_4":0,"multipy_5":0,"wildcard_column":0,"spin_icon":0,"multipy_mode":0,"multipy_max":0,"type":1},{"name":"icon9","win_1":"0.00","win_2":"0.00","win_3":"30.00","win_4":"60.00","win_5":"150.00","reel_1":4,"reel_2":2,"reel_3":3,"reel_4":6,"reel_5":6,"freespin_require":null,"scatter_require":null,"jackpot_require":null,"free_num":null,"multipy_win":0,"multipy_1":0,"multipy_2":0,"multipy_3":0,"multipy_4":0,"multipy_5":0,"wildcard_column":0,"spin_icon":0,"multipy_mode":0,"multipy_max":0,"type":1},{"name":"scatter","win_1":null,"win_2":null,"win_3":null,"win_4":null,"win_5":null,"reel_1":2,"reel_2":1,"reel_3":2,"reel_4":1,"reel_5":1,"freespin_require":1,"scatter_require":5,"jackpot_require":null,"free_num":12,"multipy_win":0,"multipy_1":0,"multipy_2":0,"multipy_3":0,"multipy_4":0,"multipy_5":0,"wildcard_column":0,"spin_icon":0,"multipy_mode":0,"multipy_max":150,"type":3},{"name":"wild","win_1":null,"win_2":null,"win_3":null,"win_4":null,"win_5":null,"reel_1":2,"reel_2":3,"reel_3":2,"reel_4":4,"reel_5":3,"freespin_require":null,"scatter_require":null,"jackpot_require":null,"free_num":null,"multipy_win":1,"multipy_1":0,"multipy_2":0,"multipy_3":0,"multipy_4":0,"multipy_5":0,"wildcard_column":0,"spin_icon":0,"multipy_mode":0,"multipy_max":0,"type":5}],"api_orgi":"https:\/\/lara.slotgen.com\/api\/v1"}